original	gatherings	width	height	obl	n
?⁰.	NA	NA	NA	0	5518
NA	NA	NA	NA	0	4831
34 x 21 cm.	NA	NA	NA	NA	225
s.sh.fol.	NA	NA	NA	0	151
?⁰	NA	NA	NA	0	110
35 x 21 cm.	NA	NA	NA	NA	107
34 x 22 cm.	NA	NA	NA	NA	68
35 x 22 cm.	NA	NA	NA	NA	67
33 x 21 cm.	NA	NA	NA	NA	59
32 x 20 cm.	NA	NA	NA	NA	53
33 x 20 cm.	NA	NA	NA	NA	44
31 x 20 cm.	NA	NA	NA	NA	40
34 x 20 cm.	NA	NA	NA	NA	37
31 x 19 cm.	NA	NA	NA	NA	33
42 x 34 cm.	NA	NA	NA	NA	33
36 x 22 cm.	NA	NA	NA	NA	32
39 x 32 cm.	NA	NA	NA	NA	30
32 x 19 cm.	NA	NA	NA	NA	28
39 x 25 cm.	NA	NA	NA	NA	25
29 x 20 cm.	NA	NA	NA	NA	24
32 x 21 cm.	NA	NA	NA	NA	24
36 x 21 cm.	NA	NA	NA	NA	24
21 x 17 cm.	NA	NA	NA	NA	23
30 x 19 cm.	NA	NA	NA	NA	23
38 x 31 cm.	NA	NA	NA	NA	23
40 x 26 cm.	NA	NA	NA	NA	23
36 x 23 cm.	NA	NA	NA	NA	22
41 x 33 cm.	NA	NA	NA	NA	22
39 x 31 cm.	NA	NA	NA	NA	21
40 x 32 cm.	NA	NA	NA	NA	20
44 x 35 cm.	NA	NA	NA	NA	20
40 x 25 cm.	NA	NA	NA	NA	19
43 x 27 cm.	NA	NA	NA	NA	19
43 x 34 cm.	NA	NA	NA	NA	19
20 x 16 cm.	NA	NA	NA	NA	18
43 x 26 cm.	NA	NA	NA	NA	18
obl. 12	NA	NA	NA	1	18
22 x 18 cm.	NA	NA	NA	NA	17
30 x 20 cm.	NA	NA	NA	NA	17
33 x 22 cm.	NA	NA	NA	NA	17
35 x 20 cm.	NA	NA	NA	NA	17
42 x 33 cm.	NA	NA	NA	NA	17
13 x 22 cm.	NA	NA	NA	NA	16
26 x 20 cm.	NA	NA	NA	NA	16
28 x 21 cm.	NA	NA	NA	NA	16
28 x 23 cm.	NA	NA	NA	NA	16
38 x 25 cm.	NA	NA	NA	NA	16
39 x 26 cm.	NA	NA	NA	NA	16
23 x 19 cm.	NA	NA	NA	NA	15
27 x 21 cm.	NA	NA	NA	NA	15
13 x 21 cm.	NA	NA	NA	NA	14
20 x 17 cm.	NA	NA	NA	NA	14
23 x 18 cm.	NA	NA	NA	NA	14
40 x 31 cm.	NA	NA	NA	NA	14
42 x 26 cm.	NA	NA	NA	NA	14
1/2 sh.fol.	NA	NA	NA	0	13
24 x 20 cm.	NA	NA	NA	NA	13
25 x 20 cm.	NA	NA	NA	NA	13
26 x 19 cm.	NA	NA	NA	NA	13
30 x 23 cm.	NA	NA	NA	NA	13
31 x 21 cm.	NA	NA	NA	NA	13
38 x 24 cm.	NA	NA	NA	NA	13
43 x 35 cm.	NA	NA	NA	NA	13
44 x 27 cm.	NA	NA	NA	NA	13
14 x 23 cm.	NA	NA	NA	NA	12
24 x 19 cm.	NA	NA	NA	NA	12
25 x 19 cm.	NA	NA	NA	NA	12
30 x 24 cm.	NA	NA	NA	NA	12
31 x 18 cm.	NA	NA	NA	NA	12
34 x 23 cm.	NA	NA	NA	NA	12
35 x 23 cm.	NA	NA	NA	NA	12
37 x 23 cm.	NA	NA	NA	NA	12
37 x 24 cm.	NA	NA	NA	NA	12
39 x 24 cm.	NA	NA	NA	NA	12
41 x 31 cm.	NA	NA	NA	NA	12
42 x 25 cm.	NA	NA	NA	NA	12
44 x 28 cm.	NA	NA	NA	NA	12
12 x 20 cm.	NA	NA	NA	NA	11
20 x 13 cm.	NA	NA	NA	NA	11
27 x 22 cm.	NA	NA	NA	NA	11
27 x 23 cm.	NA	NA	NA	NA	11
29 x 18 cm.	NA	NA	NA	NA	11
33 x 19 cm.	NA	NA	NA	NA	11
37 x 25 cm.	NA	NA	NA	NA	11
38 x 26 cm.	NA	NA	NA	NA	11
38 x 32 cm.	NA	NA	NA	NA	11
41 x 25 cm.	NA	NA	NA	NA	11
41 x 34 cm.	NA	NA	NA	NA	11
s.sh.4⁰.	NA	NA	NA	0	11
12 x 19 cm.	NA	NA	NA	NA	10
28 x 22 cm.	NA	NA	NA	NA	10
31 x 22 cm.	NA	NA	NA	NA	10
32 x 22 cm.	NA	NA	NA	NA	10
34 x 19 cm.	NA	NA	NA	NA	10
42 x 27 cm.	NA	NA	NA	NA	10
45 x 28 cm.	NA	NA	NA	NA	10
51 x 40 cm.	NA	NA	NA	NA	10
21 x 13 cm.	NA	NA	NA	NA	9
26 x 22 cm.	NA	NA	NA	NA	9
29 x 23 cm.	NA	NA	NA	NA	9
36 x 24 cm.	NA	NA	NA	NA	9
43 x 33 cm.	NA	NA	NA	NA	9
54 x 42 cm.	NA	NA	NA	NA	9
6⁰.	NA	NA	NA	0	9
1⁰&amp;1/2⁰.	NA	NA	NA	0	8
19 x 12 cm.	NA	NA	NA	NA	8
22 x 14 cm.	NA	NA	NA	NA	8
23 x 14 cm.	NA	NA	NA	NA	8
30 x 21 cm.	NA	NA	NA	NA	8
30 x 22 cm.	NA	NA	NA	NA	8
4⁰ and 2⁰.	NA	NA	NA	0	8
40 x 24 cm.	NA	NA	NA	NA	8
43 x 28 cm.	NA	NA	NA	NA	8
56 x 45 cm.	NA	NA	NA	NA	8
8⁰ and 12⁰.	NA	NA	NA	0	8
⁰.	NA	NA	NA	0	7
19 x 13 cm.	NA	NA	NA	NA	7
21 x 16 cm.	NA	NA	NA	NA	7
25 x 21 cm.	NA	NA	NA	NA	7
26 x 21 cm.	NA	NA	NA	NA	7
27 x 20 cm.	NA	NA	NA	NA	7
29 x 17 cm.	NA	NA	NA	NA	7
29 x 19 cm.	NA	NA	NA	NA	7
29 x 24 cm.	NA	NA	NA	NA	7
30 x 18 cm.	NA	NA	NA	NA	7
31 x 25 cm.	NA	NA	NA	NA	7
37 x 31 cm.	NA	NA	NA	NA	7
38 x 30 cm.	NA	NA	NA	NA	7
41 x 26 cm.	NA	NA	NA	NA	7
42 x 24 cm.	NA	NA	NA	NA	7
43 x 31 cm.	NA	NA	NA	NA	7
45 x 27 cm.	NA	NA	NA	NA	7
49 x 39 cm.	NA	NA	NA	NA	7
50 x 40 cm.	NA	NA	NA	NA	7
51 x 41 cm.	NA	NA	NA	NA	7
54 x 44 cm.	NA	NA	NA	NA	7
(1/2&quot;)	NA	NA	NA	0	6
1⁰ &amp; 1/2⁰.	NA	NA	NA	0	6
11 x 18 cm.	NA	NA	NA	NA	6
12⁰ and 8⁰.	NA	NA	NA	0	6
13 x 23 cm.	NA	NA	NA	NA	6
19 x 16 cm.	NA	NA	NA	NA	6
21 x 18 cm.	NA	NA	NA	NA	6
22 x 16 cm.	NA	NA	NA	NA	6
22 x 17 cm.	NA	NA	NA	NA	6
23 x 17 cm.	NA	NA	NA	NA	6
25 x 18 cm.	NA	NA	NA	NA	6
29 x 21 cm.	NA	NA	NA	NA	6
29 x 22 cm.	NA	NA	NA	NA	6
32 x 18 cm.	NA	NA	NA	NA	6
36 x 20 cm.	NA	NA	NA	NA	6
37 x 22 cm.	NA	NA	NA	NA	6
38 x 23 cm.	NA	NA	NA	NA	6
39 x 30 cm.	NA	NA	NA	NA	6
40 x 27 cm.	NA	NA	NA	NA	6
40 x 33 cm.	NA	NA	NA	NA	6
41 x 27 cm.	NA	NA	NA	NA	6
42 x 35 cm.	NA	NA	NA	NA	6
43 x 32 cm.	NA	NA	NA	NA	6
44 x 26 cm.	NA	NA	NA	NA	6
44 x 36 cm.	NA	NA	NA	NA	6
46-50 cm.	NA	NA	NA	0	6
51 x 39 cm.	NA	NA	NA	NA	6
53 x 43 cm.	NA	NA	NA	NA	6
56 x 46 cm.	NA	NA	NA	NA	6
57 x 46 cm.	NA	NA	NA	NA	6
?$.	NA	NA	NA	0	5
17 x 11 cm.	NA	NA	NA	NA	5
19 x 14 cm.	NA	NA	NA	NA	5
19 x 15 cm.	NA	NA	NA	NA	5
20 x 15 cm.	NA	NA	NA	NA	5
21 x 11 cm.	NA	NA	NA	NA	5
21 x 12 cm.	NA	NA	NA	NA	5
21 x 15 cm.	NA	NA	NA	NA	5
21 x 20 cm.	NA	NA	NA	NA	5
21 x 33 cm.	NA	NA	NA	NA	5
22 x 20 cm.	NA	NA	NA	NA	5
23 x 15 cm.	NA	NA	NA	NA	5
23 x 20 cm.	NA	NA	NA	NA	5
24 x 16 cm.	NA	NA	NA	NA	5
26 x 18 cm.	NA	NA	NA	NA	5
27 x 16 cm.	NA	NA	NA	NA	5
28 x 19 cm.	NA	NA	NA	NA	5
31 x 17 cm.	NA	NA	NA	NA	5
31 x 23 cm.	NA	NA	NA	NA	5
31 x 24 cm.	NA	NA	NA	NA	5
31 x 26 cm.	NA	NA	NA	NA	5
33 x 23 cm.	NA	NA	NA	NA	5
35 x 19 cm.	NA	NA	NA	NA	5
36 x 25 cm.	NA	NA	NA	NA	5
36⁰.	NA	NA	NA	0	5
37 x 26 cm.	NA	NA	NA	NA	5
38 x 27 cm.	NA	NA	NA	NA	5
38 x 29 cm.	NA	NA	NA	NA	5
4⁰�	NA	NA	NA	0	5
41 x 32 cm.	NA	NA	NA	NA	5
42-50 cm.	NA	NA	NA	0	5
43 x 36 cm.	NA	NA	NA	NA	5
46 x 28 cm.	NA	NA	NA	NA	5
46 x 29 cm.	NA	NA	NA	NA	5
46 x 36 cm.	NA	NA	NA	NA	5
49 x 37 cm.	NA	NA	NA	NA	5
50 x 39 cm.	NA	NA	NA	NA	5
56 x 44 cm.	NA	NA	NA	NA	5
58 x 46 cm.	NA	NA	NA	NA	5
8o.	NA	NA	NA	0	5
?	NA	NA	NA	0	4
11 x 16 cm.	NA	NA	NA	NA	4
12 x 18 cm.	NA	NA	NA	NA	4
12⁰ &amp; 8⁰.	NA	NA	NA	0	4
128⁰.	NA	NA	NA	0	4
13 x 20 cm.	NA	NA	NA	NA	4
14 x 12 cm.	NA	NA	NA	NA	4
15 x 18 cm.	NA	NA	NA	NA	4
16 x 20 cm.	NA	NA	NA	NA	4
17 x 20 cm.	NA	NA	NA	NA	4
17 x 22 cm.	NA	NA	NA	NA	4
18 x 15 cm.	NA	NA	NA	NA	4
2⁰ and 4⁰.	NA	NA	NA	0	4
20 x 14 cm.	NA	NA	NA	NA	4
20 x 21 cm.	NA	NA	NA	NA	4
21 x 14 cm.	NA	NA	NA	NA	4
22 x 34 cm.	NA	NA	NA	NA	4
23 x 12 cm.	NA	NA	NA	NA	4
25 x 17 cm.	NA	NA	NA	NA	4
26 x 15 cm.	NA	NA	NA	NA	4
27 x 24 cm.	NA	NA	NA	NA	4
28 x 20 cm.	NA	NA	NA	NA	4
30 x 25 cm.	NA	NA	NA	NA	4
31 x 11 cm.	NA	NA	NA	NA	4
31 x 13 cm.	NA	NA	NA	NA	4
32 x 17 cm.	NA	NA	NA	NA	4
32 x 23 cm.	NA	NA	NA	NA	4
33 x 15 cm.	NA	NA	NA	NA	4
33 x 18 cm.	NA	NA	NA	NA	4
33 x 26 cm.	NA	NA	NA	NA	4
37 x 32 cm.	NA	NA	NA	NA	4
38 x 22 cm.	NA	NA	NA	NA	4
39 x 27 cm.	NA	NA	NA	NA	4
39 x 33 cm.	NA	NA	NA	NA	4
4⁰ ⁸.⁴.	NA	NA	NA	0	4
40 x 34 cm.	NA	NA	NA	NA	4
41 x 35 cm.	NA	NA	NA	NA	4
42 x 31 cm.	NA	NA	NA	NA	4
42 x 32 cm.	NA	NA	NA	NA	4
42-46 cm.	NA	NA	NA	0	4
43 x 25 cm.	NA	NA	NA	NA	4
43 x 30 cm.	NA	NA	NA	NA	4
46 x 30 cm.	NA	NA	NA	NA	4
46 x 35 cm.	NA	NA	NA	NA	4
47 x 30 cm.	NA	NA	NA	NA	4
47 x 36 cm.	NA	NA	NA	NA	4
47 x 37 cm.	NA	NA	NA	NA	4
52 x 41 cm.	NA	NA	NA	NA	4
52 x 42 cm.	NA	NA	NA	NA	4
1/3⁰.	NA	NA	NA	0	3
10 x 15 cm.	NA	NA	NA	NA	3
10 x 16 cm.	NA	NA	NA	NA	3
10 x 20 cm.	NA	NA	NA	NA	3
12 x 22 cm.	NA	NA	NA	NA	3
12 x 8 cm.	NA	NA	NA	NA	3
12.̥	NA	NA	NA	0	3
12$.	NA	NA	NA	0	3
12⁰⁸.⁴.	NA	NA	NA	0	3
13 x 16 cm.	NA	NA	NA	NA	3
13 x 19 cm.	NA	NA	NA	NA	3
14 x 11 cm.	NA	NA	NA	NA	3
14 x 17 cm.	NA	NA	NA	NA	3
15 x 17 cm.	NA	NA	NA	NA	3
16 x 11 cm.	NA	NA	NA	NA	3
16 x 19 cm.	NA	NA	NA	NA	3
17 x 19 cm.	NA	NA	NA	NA	3
17 x 21 cm.	NA	NA	NA	NA	3
18 x 13 cm.	NA	NA	NA	NA	3
18 x 22 cm.	NA	NA	NA	NA	3
19 x 23 cm.	NA	NA	NA	NA	3
19 x 32 cm (2⁰)	NA	NA	NA	NA	3
20 x 12 cm.	NA	NA	NA	NA	3
20 x 25 cm.	NA	NA	NA	NA	3
20 x 26 cm.	NA	NA	NA	NA	3
20 x 33 cm.	NA	NA	NA	NA	3
2⁰; 4⁰.	NA	NA	NA	0	3
21 x 33 cm (2⁰)	NA	NA	NA	NA	3
21 x 34 cm.	NA	NA	NA	NA	3
22 x 15 cm.	NA	NA	NA	NA	3
22 x 19 cm.	NA	NA	NA	NA	3
23 x 13 cm.	NA	NA	NA	NA	3
24 x 14 cm.	NA	NA	NA	NA	3
24 x 17 cm.	NA	NA	NA	NA	3
24 x 18 cm.	NA	NA	NA	NA	3
24 x 21 cm.	NA	NA	NA	NA	3
27 x 25 cm.	NA	NA	NA	NA	3
28 x 15 cm.	NA	NA	NA	NA	3
28 x 17 cm.	NA	NA	NA	NA	3
28 x 18 cm.	NA	NA	NA	NA	3
29 x 17 cm. 1/2⁰.	NA	NA	NA	NA	3
31 x 10 cm.	NA	NA	NA	NA	3
31 x 16 cm.	NA	NA	NA	NA	3
32 x 24 cm.	NA	NA	NA	NA	3
33 x 25 cm.	NA	NA	NA	NA	3
34 x 14 cm.	NA	NA	NA	NA	3
34 x 18 cm.	NA	NA	NA	NA	3
34 x 24 cm.	NA	NA	NA	NA	3
34 x 41 cm.	NA	NA	NA	NA	3
35 x 17 cm.	NA	NA	NA	NA	3
35 x 25 cm.	NA	NA	NA	NA	3
36 x 26 cm.	NA	NA	NA	NA	3
36 x 27 cm.	NA	NA	NA	NA	3
36 x 28 cm.	NA	NA	NA	NA	3
36 x 29 cm.	NA	NA	NA	NA	3
36 x 30 cm.	NA	NA	NA	NA	3
37 x 13 cm.	NA	NA	NA	NA	3
37 x 15 cm.	NA	NA	NA	NA	3
37 x 30 cm.	NA	NA	NA	NA	3
38 x 16 cm.	NA	NA	NA	NA	3
38 x 21 cm.	NA	NA	NA	NA	3
39 x 17 cm.	NA	NA	NA	NA	3
4 D0.	NA	NA	NA	0	3
40 x 28 cm.	NA	NA	NA	NA	3
40 x 30 cm.	NA	NA	NA	NA	3
4⁰; 2⁰.	NA	NA	NA	0	3
4⁰⁸.⁴.	NA	NA	NA	0	3
41 x 24 cm.	NA	NA	NA	NA	3
42 x 17 cm.	NA	NA	NA	NA	3
42 x 23 cm.	NA	NA	NA	NA	3
44 x 33 cm.	NA	NA	NA	NA	3
44 x 34 cm.	NA	NA	NA	NA	3
45 x 21 cm.	NA	NA	NA	NA	3
45 x 25 cm.	NA	NA	NA	NA	3
45 x 26 cm.	NA	NA	NA	NA	3
45 x 29 cm.	NA	NA	NA	NA	3
45 x 35 cm.	NA	NA	NA	NA	3
47 x 28 cm.	NA	NA	NA	NA	3
47 x 35 cm.	NA	NA	NA	NA	3
48 x 38 cm.	NA	NA	NA	NA	3
48 x 39 cm.	NA	NA	NA	NA	3
49 x 30 cm.	NA	NA	NA	NA	3
49 x 38 cm.	NA	NA	NA	NA	3
50 x 19 cm.	NA	NA	NA	NA	3
50 x 38 cm.	NA	NA	NA	NA	3
52 x 39 cm.	NA	NA	NA	NA	3
52 x 40 cm.	NA	NA	NA	NA	3
53 x 40 cm.	NA	NA	NA	NA	3
53 x 42 cm.	NA	NA	NA	NA	3
53 x 44 cm.	NA	NA	NA	NA	3
55 x 43 cm.	NA	NA	NA	NA	3
59 x 47 cm.	NA	NA	NA	NA	3
7 x 13 cm.	NA	NA	NA	NA	3
8.̥	NA	NA	NA	0	3
82⁰.	NA	NA	NA	0	3
84⁰.	NA	NA	NA	0	3
obl. 10⁰.	NA	NA	NA	1	3
vertical slip.	NA	NA	NA	0	3
?.	NA	NA	NA	0	2
.	NA	NA	NA	0	2
(1/4&quot;)	NA	NA	NA	0	2
(4to and 8vo)	NA	NA	NA	0	2
[fewer than 50 pages]	NA	NA	NA	0	2
/1/2⁰.	NA	NA	NA	0	2
/2⁰.	NA	NA	NA	0	2
1/2⁰ (33 x 21 cm)	NA	NA	NA	NA	2
1/2⁰ (34 x 20 cm)	NA	NA	NA	NA	2
1\2⁰.	NA	NA	NA	0	2
10 x 13 cm.	NA	NA	NA	NA	2
10 x 17 cm.	NA	NA	NA	NA	2
10 x 24 cm.	NA	NA	NA	NA	2
11 x 13 cm.	NA	NA	NA	NA	2
11 x 17 cm.	NA	NA	NA	NA	2
12 x 14 cm.	NA	NA	NA	NA	2
12 x 17 cm.	NA	NA	NA	NA	2
12 x 21 cm.	NA	NA	NA	NA	2
12 x 23 cm.	NA	NA	NA	NA	2
128⁰? in 8's.	NA	NA	NA	0	2
12�.	NA	NA	NA	0	2
13 x 26 cm.	NA	NA	NA	NA	2
14 x 15 cm.	NA	NA	NA	NA	2
14 x 21 cm.	NA	NA	NA	NA	2
14 x 22 cm.	NA	NA	NA	NA	2
14 x 27 cm.	NA	NA	NA	NA	2
15 x 11 cm.	NA	NA	NA	NA	2
15 x 21 cm.	NA	NA	NA	NA	2
15 x 22 cm.	NA	NA	NA	NA	2
15 x 24 cm.	NA	NA	NA	NA	2
15 x 9 cm.	NA	NA	NA	NA	2
16 x 21 cm.	NA	NA	NA	NA	2
16$.	NA	NA	NA	0	2
17 x 10 cm.	NA	NA	NA	NA	2
17 x 24 cm.	NA	NA	NA	NA	2
17 x 8 cm.	NA	NA	NA	NA	2
18 x 11 cm.	NA	NA	NA	NA	2
18 x 16 cm.	NA	NA	NA	NA	2
18 x 21 cm.	NA	NA	NA	NA	2
18 x 23 cm.	NA	NA	NA	NA	2
19 x 11 cm.	NA	NA	NA	NA	2
19 x 20 cm.	NA	NA	NA	NA	2
19 x 22 cm.	NA	NA	NA	NA	2
19 x 24 cm.	NA	NA	NA	NA	2
19 x 9 cm.	NA	NA	NA	NA	2
2₀	NA	NA	NA	0	2
20 x 23 cm.	NA	NA	NA	NA	2
20 x 24 cm.	NA	NA	NA	NA	2
20 x 32 cm (2⁰)	NA	NA	NA	NA	2
2⁰; 1⁰.	NA	NA	NA	0	2
21 x 19 cm.	NA	NA	NA	NA	2
21 x 26 cm.	NA	NA	NA	NA	2
22 x 13 cm.	NA	NA	NA	NA	2
22 x 21 cm.	NA	NA	NA	NA	2
23 x 37 cm.	NA	NA	NA	NA	2
23-31 cm.	NA	NA	NA	0	2
24 x 12 cm.	NA	NA	NA	NA	2
25 x 16 cm.	NA	NA	NA	NA	2
25 x 22 cm.	NA	NA	NA	NA	2
25 x 26 cm.	NA	NA	NA	NA	2
26 x 14 cm.	NA	NA	NA	NA	2
26 x 17 cm.	NA	NA	NA	NA	2
26 x 40 cm.	NA	NA	NA	NA	2
27 x 18 cm.	NA	NA	NA	NA	2
27 x 19 cm.	NA	NA	NA	NA	2
27 x 34 cm (2⁰)	NA	NA	NA	NA	2
27-41 cm.	NA	NA	NA	0	2
28 x 11 cm.	NA	NA	NA	NA	2
28 x 16 cm.	NA	NA	NA	NA	2
28 x 24 cm.	NA	NA	NA	NA	2
29 x 16 cm.	NA	NA	NA	NA	2
2o.	NA	NA	NA	0	2
30 x 13 cm.	NA	NA	NA	NA	2
30 x 15 cm.	NA	NA	NA	NA	2
30 x 17 cm.	NA	NA	NA	NA	2
31 x 12 cm.	NA	NA	NA	NA	2
31-46 cm.	NA	NA	NA	0	2
32 x 13 cm.	NA	NA	NA	NA	2
32 x 20 cm. (1/2&quot;)	NA	NA	NA	NA	2
32 x 25 cm.	NA	NA	NA	NA	2
32 x 26 cm.	NA	NA	NA	NA	2
32 x 27 cm.	NA	NA	NA	NA	2
32 x 29 cm.	NA	NA	NA	NA	2
32 x 40 cm.	NA	NA	NA	NA	2
32-45 cm.	NA	NA	NA	0	2
33 x 10 cm.	NA	NA	NA	NA	2
33 x 14 cm.	NA	NA	NA	NA	2
33 x 28 cm.	NA	NA	NA	NA	2
33 x 31 cm.	NA	NA	NA	NA	2
33 x 32 cm.	NA	NA	NA	NA	2
33 x 40 cm.	NA	NA	NA	NA	2
33 x 41 cm.	NA	NA	NA	NA	2
33 x 42 cm.	NA	NA	NA	NA	2
34 x 11 cm.	NA	NA	NA	NA	2
34 x 12 cm.	NA	NA	NA	NA	2
34 x 25 cm.	NA	NA	NA	NA	2
35 x 24 cm.	NA	NA	NA	NA	2
35 x 27 cm.	NA	NA	NA	NA	2
35 x 42 cm.	NA	NA	NA	NA	2
36 x 13 cm.	NA	NA	NA	NA	2
36 x 14 cm.	NA	NA	NA	NA	2
36 x 19 cm.	NA	NA	NA	NA	2
36 x 31 cm.	NA	NA	NA	NA	2
37 x 18 cm.	NA	NA	NA	NA	2
37 x 19 cm.	NA	NA	NA	NA	2
37 x 20 cm.	NA	NA	NA	NA	2
37 x 21 cm.	NA	NA	NA	NA	2
37 x 28 cm.	NA	NA	NA	NA	2
38 x 20 cm.	NA	NA	NA	NA	2
38 x 28 cm.	NA	NA	NA	NA	2
38-42 cm.	NA	NA	NA	0	2
38-43 cm.	NA	NA	NA	0	2
38-46 cm.	NA	NA	NA	0	2
39 x 18 cm.	NA	NA	NA	NA	2
39 x 21 cm.	NA	NA	NA	NA	2
39 x 23 cm.	NA	NA	NA	NA	2
39-43 cm.	NA	NA	NA	0	2
39-44 cm.	NA	NA	NA	0	2
4⁰ ⁸.⁶.	NA	NA	NA	0	2
4⁰ mostly in 8's.	NA	NA	NA	0	2
40 x 21 cm.	NA	NA	NA	NA	2
40 x 23 cm.	NA	NA	NA	NA	2
40-49 cm.	NA	NA	NA	0	2
40.	NA	NA	NA	0	2
4⁰&amp;2⁰.	NA	NA	NA	0	2
4⁰⁴.⁶.	NA	NA	NA	0	2
41 x 21 cm.	NA	NA	NA	NA	2
41 x 22 cm.	NA	NA	NA	NA	2
41-48 cm.	NA	NA	NA	0	2
42 x 15 cm.	NA	NA	NA	NA	2
42 x 28 cm.	NA	NA	NA	NA	2
42 x 36 cm.	NA	NA	NA	NA	2
43 x 14 cm.	NA	NA	NA	NA	2
43 x 17 cm.	NA	NA	NA	NA	2
43 x 18 cm.	NA	NA	NA	NA	2
43 x 19 cm.	NA	NA	NA	NA	2
43-51 cm.	NA	NA	NA	0	2
44 x 25 cm.	NA	NA	NA	NA	2
44 x 29 cm.	NA	NA	NA	NA	2
44 x 31 cm.	NA	NA	NA	NA	2
44 x 32 cm.	NA	NA	NA	NA	2
44-50 cm.	NA	NA	NA	0	2
44-54 cm.	NA	NA	NA	0	2
44-68 cm.	NA	NA	NA	0	2
45 x 20 cm.	NA	NA	NA	NA	2
45 x 32 cm.	NA	NA	NA	NA	2
46 x 17 cm.	NA	NA	NA	NA	2
46 x 26 cm.	NA	NA	NA	NA	2
46 x 31 cm.	NA	NA	NA	NA	2
46-51 cm.	NA	NA	NA	0	2
47 x 19 cm.	NA	NA	NA	NA	2
47 x 29 cm.	NA	NA	NA	NA	2
47 x 40 cm.	NA	NA	NA	NA	2
47-49 cm.	NA	NA	NA	0	2
47-51 cm.	NA	NA	NA	0	2
47-56 cm.	NA	NA	NA	0	2
48 x 16 cm.	NA	NA	NA	NA	2
48-50 cm.	NA	NA	NA	0	2
49 x 29 cm.	NA	NA	NA	NA	2
49 x 40 cm.	NA	NA	NA	NA	2
49 x 43 cm.	NA	NA	NA	NA	2
49-53 cm.	NA	NA	NA	0	2
4�	NA	NA	NA	0	2
50 x 36 cm.	NA	NA	NA	NA	2
50 x 37 cm.	NA	NA	NA	NA	2
5⁰.	NA	NA	NA	0	2
51 x 20 cm.	NA	NA	NA	NA	2
51-52 cm.	NA	NA	NA	0	2
51-57 cm.	NA	NA	NA	0	2
52 x 20 cm.	NA	NA	NA	NA	2
52 x 43 cm.	NA	NA	NA	NA	2
53 x 33 cm.	NA	NA	NA	NA	2
54 x 43 cm.	NA	NA	NA	NA	2
55 x 44 cm.	NA	NA	NA	NA	2
55 x 45 cm.	NA	NA	NA	NA	2
57 x 47 cm.	NA	NA	NA	NA	2
57 x 49 cm.	NA	NA	NA	NA	2
6 x 12 cm.	NA	NA	NA	NA	2
6 x 15 cm.	NA	NA	NA	NA	2
62 x 50 cm.	NA	NA	NA	NA	2
64 x 41 cm.	NA	NA	NA	NA	2
64 x 44 cm.	NA	NA	NA	NA	2
7 x 19 cm.	NA	NA	NA	NA	2
8 x 10 cm.	NA	NA	NA	NA	2
8$.	NA	NA	NA	0	2
8⁰ and 4⁰.	NA	NA	NA	0	2
8⁰ and obl. 1/4⁰.	NA	NA	NA	1	2
8⁰; 4⁰.	NA	NA	NA	0	2
80.	NA	NA	NA	0	2
8⁰&amp;4⁰.	NA	NA	NA	0	2
8�	NA	NA	NA	0	2
8�.	NA	NA	NA	0	2
b1⁰.	NA	NA	NA	0	2
ill. (relief cuts)	NA	NA	NA	0	2
obl./2⁰.	NA	NA	NA	1	2
obl.2⁰ and 4⁰.	NA	NA	NA	1	2
s.sh.16⁰.	NA	NA	NA	0	2
s.sh.8⁰.	NA	NA	NA	0	2
;8⁰.	NA	NA	NA	0	1
? cm.	NA	NA	NA	0	1
(1/12&quot;)	NA	NA	NA	0	1
(12mo &amp; 8vo)	NA	NA	NA	0	1
(15 x 17 cm.)	NA	NA	NA	NA	1
(8v0)	NA	NA	NA	0	1
(fol.0.	NA	NA	NA	0	1
[1771].	NA	NA	NA	0	1
[1774].	NA	NA	NA	0	1
1 ]d0	NA	NA	NA	0	1
1 D0.	NA	NA	NA	0	1
1.2⁰.	NA	NA	NA	0	1
1/2 D0.	NA	NA	NA	0	1
1/2 dDG.	NA	NA	NA	0	1
1/2$.	NA	NA	NA	0	1
1/2⁰ (31 x 18 cm)	NA	NA	NA	NA	1
1/2⁰ (31 x 20 cm)	NA	NA	NA	NA	1
1/2⁰ (31 x 21 cm)	NA	NA	NA	NA	1
1/2⁰ (34 x 15 cm)	NA	NA	NA	NA	1
1/2⁰ (34 x 21 cm)	NA	NA	NA	NA	1
1/2⁰ (35 x 23 cm)	NA	NA	NA	NA	1
1/2⁰ (35 x 27 cm)	NA	NA	NA	NA	1
1/2⁰ (37 x 11 cm)	NA	NA	NA	NA	1
1/2⁰ (40 x 25 cm)	NA	NA	NA	NA	1
1/2⁰ (42 x 21 cm)	NA	NA	NA	NA	1
1/2⁰ (45 x 18 cm)	NA	NA	NA	NA	1
1/2⁰ (47 x 21 cm)	NA	NA	NA	NA	1
1/2⁰ and 1/4⁰.	NA	NA	NA	0	1
1/2⁰; 35.5 x 22.5 cm.	NA	NA	NA	NA	1
1/2⁰? (34.5 x 16 cm.)	NA	NA	NA	NA	1
1/2⁰.̃	NA	NA	NA	0	1
1/2⁰./	NA	NA	NA	0	1
1/2⁰&amp;1⁰.	NA	NA	NA	0	1
1/21⁰.	NA	NA	NA	0	1
1/2�	NA	NA	NA	0	1
1/4$.	NA	NA	NA	0	1
1/4⁰ (21 x 18 cm)	NA	NA	NA	NA	1
1/4⁰ (21 x 19 cm.)	NA	NA	NA	NA	1
1/4⁰ (23 x 19 cm)	NA	NA	NA	NA	1
1/4⁰ (25 x 20 cm)	NA	NA	NA	NA	1
1/4⁰ (27 x 22 cm.)	NA	NA	NA	NA	1
1/4⁰ (29 x 22 cm)	NA	NA	NA	NA	1
1/4⁰ (9 x 20 cm)	NA	NA	NA	NA	1
1/4mo.	NA	NA	NA	0	1
1/4�	NA	NA	NA	0	1
1/5⁰.	NA	NA	NA	0	1
1/6°.	NA	NA	NA	0	1
1/6⁰.	NA	NA	NA	0	1
1/72⁰.	NA	NA	NA	0	1
1/8⁰ (11 x 22 cm)	NA	NA	NA	NA	1
1$⁰.	NA	NA	NA	0	1
1⁰ (41 x 27 cm).	NA	NA	NA	NA	1
1⁰ (42 x 34 cm.)	NA	NA	NA	NA	1
1⁰ (48 x 38 cm)	NA	NA	NA	NA	1
1⁰ (50 x 30 cm)	NA	NA	NA	NA	1
1⁰ (54 x 40 cm)	NA	NA	NA	NA	1
1⁰ (58 x 47 cm)	NA	NA	NA	NA	1
1⁰ and obl.1/2⁰.	NA	NA	NA	1	1
10 x 11 cm.	NA	NA	NA	NA	1
10 x 14 cm.	NA	NA	NA	NA	1
10 x 18 cm.	NA	NA	NA	NA	1
10 x 6 cm.	NA	NA	NA	NA	1
10 x 7 cm.	NA	NA	NA	NA	1
1⁰/2.	NA	NA	NA	0	1
11 cm. (?0.	NA	NA	NA	0	1
11 x 13 cm. (16 mo)	NA	NA	NA	NA	1
11 x 14 cm.	NA	NA	NA	NA	1
11 x 20 cm.	NA	NA	NA	NA	1
11 x 21 cm.	NA	NA	NA	NA	1
11 x 23 cm.	NA	NA	NA	NA	1
11 x 5 cm.	NA	NA	NA	NA	1
11 x 9 cm.	NA	NA	NA	NA	1
12 x 11 x 7 cm.	NA	NA	NA	NA	1
12 x 16 cm.	NA	NA	NA	NA	1
12 x 24 cm.	NA	NA	NA	NA	1
12 x 25 cm.	NA	NA	NA	NA	1
12 x 26 cm.	NA	NA	NA	NA	1
12 x19 cm.	NA	NA	NA	NA	1
12.̲	NA	NA	NA	0	1
12⁰ &amp; 8⁰	NA	NA	NA	0	1
12⁰ ⁸⁴��⁺������	NA	NA	NA	0	1
12⁰ or 16⁰?	NA	NA	NA	0	1
1²⁰.	NA	NA	NA	0	1
12⁰.̲	NA	NA	NA	0	1
12⁰.; 11 x 15 cm.	NA	NA	NA	NA	1
12⁰.; 8⁰.	NA	NA	NA	0	1
12⁰.f	NA	NA	NA	0	1
12⁰⁸⁴��⁺������	NA	NA	NA	0	1
12⁰c8⁰.	NA	NA	NA	0	1
12⁰upd.	NA	NA	NA	0	1
12º.	NA	NA	NA	0	1
12�	NA	NA	NA	0	1
13 x 14 cm.	NA	NA	NA	NA	1
13 x 15 cm.	NA	NA	NA	NA	1
13 x 17 cm.	NA	NA	NA	NA	1
13 x 21+ cm.	NA	NA	NA	NA	1
13 x 25 cm.	NA	NA	NA	NA	1
13 x 8 cm.	NA	NA	NA	NA	1
13 x 9 cm.	NA	NA	NA	NA	1
14 x 10 cm.	NA	NA	NA	NA	1
14 x 18 cm.	NA	NA	NA	NA	1
14 x 19 cm.	NA	NA	NA	NA	1
14 x 20 cm.	NA	NA	NA	NA	1
14 x 21 cm	NA	NA	NA	NA	1
14 x 24 cm.	NA	NA	NA	NA	1
14 x 32 cm.	NA	NA	NA	NA	1
14 x 9 cm.	NA	NA	NA	NA	1
15 x 10 cm.	NA	NA	NA	NA	1
15 x 20 cm.	NA	NA	NA	NA	1
15 x 23 cm.	NA	NA	NA	NA	1
15 x 25 cm.	NA	NA	NA	NA	1
15 x 26 cm.	NA	NA	NA	NA	1
15 x 28 cm.	NA	NA	NA	NA	1
15 x 7 cm.	NA	NA	NA	NA	1
15 x 8 cm.	NA	NA	NA	NA	1
15-31 cm (1/4⁰-2⁰)	NA	NA	NA	0	1
16 x 10 cm.	NA	NA	NA	NA	1
16 x 13 cm.	NA	NA	NA	NA	1
16 x 17 cm. (1/8&quot;)	NA	NA	NA	NA	1
16 x 18 cm.	NA	NA	NA	NA	1
16 x 24 cm.	NA	NA	NA	NA	1
16 x 5 cm.	NA	NA	NA	NA	1
16⁰ and 18⁰.	NA	NA	NA	0	1
16⁰�	NA	NA	NA	0	1
1616.	NA	NA	NA	0	1
1667.	NA	NA	NA	0	1
1681.	NA	NA	NA	0	1
17 x 12 cm.	NA	NA	NA	NA	1
17 x 13 cm.	NA	NA	NA	NA	1
17 x 16 cm.	NA	NA	NA	NA	1
17 x 18 cm.	NA	NA	NA	NA	1
17 x 21 cm. (1/4&quot;)	NA	NA	NA	NA	1
17 x 42 cm.	NA	NA	NA	NA	1
17-50 cm.	NA	NA	NA	0	1
1710.	NA	NA	NA	0	1
1736.	NA	NA	NA	0	1
1742].	NA	NA	NA	0	1
1743].	NA	NA	NA	0	1
1750.	NA	NA	NA	0	1
1762.	NA	NA	NA	0	1
1774.	NA	NA	NA	0	1
1776.	NA	NA	NA	0	1
1777.	NA	NA	NA	0	1
1792.	NA	NA	NA	0	1
18 x 10 cm.	NA	NA	NA	NA	1
18 x 12 cm.	NA	NA	NA	NA	1
18 x 19 cm.	NA	NA	NA	NA	1
18 x 20 cm.	NA	NA	NA	NA	1
18 x 26 cm.	NA	NA	NA	NA	1
18 x 28 cm (4⁰)	NA	NA	NA	NA	1
18.5 x 10.5cm.	NA	NA	NA	NA	1
1800.	NA	NA	NA	0	1
19 x 10 cm.	NA	NA	NA	NA	1
19 x 18 cm.	NA	NA	NA	NA	1
19 x 21 cm.	NA	NA	NA	NA	1
19 x 25 cm.	NA	NA	NA	NA	1
19 x 26 cm.	NA	NA	NA	NA	1
19 x 29 cm.	NA	NA	NA	NA	1
19 x 32 cm.	NA	NA	NA	NA	1
19 x 8 cm.	NA	NA	NA	NA	1
19.5 x 14 cm.	NA	NA	NA	NA	1
2 D0?	NA	NA	NA	0	1
2 D0.	NA	NA	NA	0	1
2 in 6's.	NA	NA	NA	0	1
2 plates.	NA	NA	NA	0	1
2(D]0.	NA	NA	NA	0	1
2&amp;#8304;.	NA	NA	NA	0	1
2$.	NA	NA	NA	0	1
2⁰ (31 x 20 cm.)	NA	NA	NA	NA	1
2⁰ &amp; 4⁰.	NA	NA	NA	0	1
2⁰ and 8⁰.	NA	NA	NA	0	1
20 x 18 cm.	NA	NA	NA	NA	1
20 x 29 cm (4⁰)	NA	NA	NA	NA	1
20 x 29 cm.	NA	NA	NA	NA	1
20 x 30 cm (4⁰)	NA	NA	NA	NA	1
20 x 31 cm (2⁰)	NA	NA	NA	NA	1
20 x 31 cm (4⁰)	NA	NA	NA	NA	1
20 x 32 cm.	NA	NA	NA	NA	1
20 x 34 cm.	NA	NA	NA	NA	1
20 x 34+ cm.	NA	NA	NA	NA	1
20 x 8 cm.	NA	NA	NA	NA	1
20-22 cm.	NA	NA	NA	0	1
20-25 cm.	NA	NA	NA	0	1
2⁰; 32 x 20 cm.	NA	NA	NA	NA	1
2⁰; later, 1⁰.	NA	NA	NA	0	1
2⁰&amp;8⁰.	NA	NA	NA	0	1
21 x 16 cm. (1/4&quot;)	NA	NA	NA	NA	1
21 x 18.7 cm.	NA	NA	NA	NA	1
21 x 22 cm.	NA	NA	NA	NA	1
21 x 23 cm.	NA	NA	NA	NA	1
21 x 27 cm.	NA	NA	NA	NA	1
21 x 30 cm.	NA	NA	NA	NA	1
21 x 32 cm (2⁰)	NA	NA	NA	NA	1
21 x 36 cm.	NA	NA	NA	NA	1
21 x 48 cm.	NA	NA	NA	NA	1
21-23 cm.	NA	NA	NA	0	1
21x16 cm.	NA	NA	NA	NA	1
22 x 10 cm.	NA	NA	NA	NA	1
22 x 12 cm.	NA	NA	NA	NA	1
22 x 25 cm.	NA	NA	NA	NA	1
22 x 26 cm.	NA	NA	NA	NA	1
22 x 27 cm.	NA	NA	NA	NA	1
22 x 32 cm (2⁰)	NA	NA	NA	NA	1
22 x 32 cm.	NA	NA	NA	NA	1
22 x 34 cm (2⁰)	NA	NA	NA	NA	1
22 x 35 cm.	NA	NA	NA	NA	1
22 x 36 cm (2⁰)	NA	NA	NA	NA	1
22 x 56 cm.	NA	NA	NA	NA	1
22-24 cm.	NA	NA	NA	0	1
22-25 cm.	NA	NA	NA	0	1
23 x 10 cm.	NA	NA	NA	NA	1
23 x 11 cm.	NA	NA	NA	NA	1
23 x 18 cm. (1/4&quot;)	NA	NA	NA	NA	1
23 x 26 cm.	NA	NA	NA	NA	1
23 x 28 cm (4⁰)	NA	NA	NA	NA	1
23 x 33 cm (2⁰)	NA	NA	NA	NA	1
23 x 34 cm (2⁰)	NA	NA	NA	NA	1
23 x 34 cm.	NA	NA	NA	NA	1
23 x 35 cm (2⁰)	NA	NA	NA	NA	1
23 x 36 cm (2⁰)	NA	NA	NA	NA	1
23 x 36 cm.	NA	NA	NA	NA	1
23 x 41 cm.	NA	NA	NA	NA	1
24̊	NA	NA	NA	0	1
24 x 10 cm.	NA	NA	NA	NA	1
24 x 15 cm.	NA	NA	NA	NA	1
24 x 16.5cm.	NA	NA	NA	NA	1
24 x 20 cm. (1/4&quot;)	NA	NA	NA	NA	1
24 x 35 cm (2⁰)	NA	NA	NA	NA	1
24 x 35 cm.	NA	NA	NA	NA	1
24 x 37 cm.	NA	NA	NA	NA	1
24-31 cm.	NA	NA	NA	0	1
24-39 cm.	NA	NA	NA	0	1
24-41 cm.	NA	NA	NA	0	1
24.̥	NA	NA	NA	0	1
24.3 x 21 cm.	NA	NA	NA	NA	1
24⁰.obl. 16⁰.	NA	NA	NA	1	1
25 x 12 cm.	NA	NA	NA	NA	1
25 x 13 cm.	NA	NA	NA	NA	1
25 x 15 cm.	NA	NA	NA	NA	1
25 x 29 cm.	NA	NA	NA	NA	1
25 x 32 cm.	NA	NA	NA	NA	1
25 x 38 cm.	NA	NA	NA	NA	1
25 x 9 cm.	NA	NA	NA	NA	1
25-34 cm.	NA	NA	NA	0	1
25-39 cm.	NA	NA	NA	0	1
25-44 cm.	NA	NA	NA	0	1
25-48 cm.	NA	NA	NA	0	1
26 x 11 cm.	NA	NA	NA	NA	1
26 x 13 cm.	NA	NA	NA	NA	1
26 x 16 cm.	NA	NA	NA	NA	1
26 x 25 cm.	NA	NA	NA	NA	1
26 x 28 cm.	NA	NA	NA	NA	1
26 x 33 cm (2⁰)	NA	NA	NA	NA	1
26 x 38 cm.	NA	NA	NA	NA	1
26 x 41 cm.	NA	NA	NA	NA	1
26 x 42 cm.	NA	NA	NA	NA	1
26-38 cm.	NA	NA	NA	0	1
26-41 cm.	NA	NA	NA	0	1
27 x 10 cm.	NA	NA	NA	NA	1
27 x 12 cm.	NA	NA	NA	NA	1
27 x 13 cm.	NA	NA	NA	NA	1
27 x 15 cm.	NA	NA	NA	NA	1
27 x 17 cm.	NA	NA	NA	NA	1
27 x 22 cm. braodside.	NA	NA	NA	NA	1
27 x 29 cm.	NA	NA	NA	NA	1
27 x 36 cm.	NA	NA	NA	NA	1
27 x 44 cm.	NA	NA	NA	NA	1
27 X 44 cm.	NA	NA	NA	NA	1
27 x 45 cm.	NA	NA	NA	NA	1
27 x 52.5 cm.	NA	NA	NA	NA	1
27-22 cm (4⁰; 8⁰)	NA	NA	NA	0	1
27-43 cm.	NA	NA	NA	0	1
28 x 13 cm.	NA	NA	NA	NA	1
28 x 14 cm.	NA	NA	NA	NA	1
28 x 23.5 cm.	NA	NA	NA	NA	1
28 x 25 cm.	NA	NA	NA	NA	1
28 x 26 cm.	NA	NA	NA	NA	1
28 x 27 cm.	NA	NA	NA	NA	1
28 x 31 cm (2⁰)	NA	NA	NA	NA	1
28 x 32 cm (2⁰)	NA	NA	NA	NA	1
28 x 35 cm.	NA	NA	NA	NA	1
28 x 36 cm (2⁰)	NA	NA	NA	NA	1
28 x 37 cm (2⁰)	NA	NA	NA	NA	1
28 x 45 cm.	NA	NA	NA	NA	1
28-33 cm.	NA	NA	NA	0	1
28-35 cm (4⁰; 2⁰)	NA	NA	NA	0	1
28-44 cm (4⁰; 2⁰)	NA	NA	NA	0	1
28-45 cm.	NA	NA	NA	0	1
28-47 cm.	NA	NA	NA	0	1
28-68 cm.	NA	NA	NA	0	1
29 x 13 cm.	NA	NA	NA	NA	1
29 x 17 cm. broadside.	NA	NA	NA	NA	1
29 x 25 cm.	NA	NA	NA	NA	1
29 x 26 cm.	NA	NA	NA	NA	1
29 x 34 cm.	NA	NA	NA	NA	1
29 x 44 cm.	NA	NA	NA	NA	1
29 x 45 cm.	NA	NA	NA	NA	1
29-31 cm.	NA	NA	NA	0	1
29-40 cm. (4⁰; 2⁰)	NA	NA	NA	0	1
29-43 cm.	NA	NA	NA	0	1
30 x 12 cm.	NA	NA	NA	NA	1
30 x 14 cm.	NA	NA	NA	NA	1
30 x 16 cm.	NA	NA	NA	NA	1
30 x 18 cm. 1/2⁰.	NA	NA	NA	NA	1
30 x 19 cm. (1/2&quot;)	NA	NA	NA	NA	1
30 x 26 cm.	NA	NA	NA	NA	1
30 x 29 cm.	NA	NA	NA	NA	1
30 x 35 cm.	NA	NA	NA	NA	1
30 x 36 cm (2⁰)	NA	NA	NA	NA	1
30 x 38 cm.	NA	NA	NA	NA	1
30 x 41 cm.	NA	NA	NA	NA	1
30 x 42 cm (2⁰)	NA	NA	NA	NA	1
30 x 42 cm.	NA	NA	NA	NA	1
30-41 cm.	NA	NA	NA	0	1
30-47 cm.	NA	NA	NA	0	1
30-48 cm.	NA	NA	NA	0	1
30.2 x 11.3 cm.	NA	NA	NA	NA	1
31 1/2 x 13 cm.	NA	NA	NA	NA	1
31 x 15 cm.	NA	NA	NA	NA	1
31 x 18 cm. 1/2⁰.	NA	NA	NA	NA	1
31 x 19.5 cm.	NA	NA	NA	NA	1
31 x 28 cm.	NA	NA	NA	NA	1
31 x 29 cm.	NA	NA	NA	NA	1
31 x 32 cm.	NA	NA	NA	NA	1
31 x 38 cm.	NA	NA	NA	NA	1
31 x 48 cm.	NA	NA	NA	NA	1
31-37 cm.	NA	NA	NA	0	1
31-38 cm.	NA	NA	NA	0	1
31-42 cm.	NA	NA	NA	0	1
31-44 cm (4⁰; 2⁰)	NA	NA	NA	0	1
31+ x 30 cm.	NA	NA	NA	NA	1
31x24cm.	NA	NA	NA	NA	1
32 x 10 cm.	NA	NA	NA	NA	1
32 x 11 cm.	NA	NA	NA	NA	1
32 x 33 cm.	NA	NA	NA	NA	1
32 x 40 cm (2⁰)	NA	NA	NA	NA	1
32 x 41 cm.	NA	NA	NA	NA	1
32 x 49 cm.	NA	NA	NA	NA	1
32-39 cm.	NA	NA	NA	0	1
32-46 cm (2⁾	NA	NA	NA	0	1
32-46 cm.	NA	NA	NA	0	1
32⁰�	NA	NA	NA	0	1
32x20 cm.	NA	NA	NA	NA	1
33 x 11 cm.	NA	NA	NA	NA	1
33 x 12 cm.	NA	NA	NA	NA	1
33 x 13 cm.	NA	NA	NA	NA	1
33 x 16 cm.	NA	NA	NA	NA	1
33 x 21 cm. (1/2&quot;)	NA	NA	NA	NA	1
33 x 24 cm.	NA	NA	NA	NA	1
33 x 25 cm. broadside.	NA	NA	NA	NA	1
33 x 34 cm.	NA	NA	NA	NA	1
33 x 39 cm.	NA	NA	NA	NA	1
33 x 43 cm.	NA	NA	NA	NA	1
33 x 54 cm.	NA	NA	NA	NA	1
33 x 9 cm.	NA	NA	NA	NA	1
33-34 cm. (1/2)	NA	NA	NA	0	1
33-37 cm.	NA	NA	NA	0	1
33-40 cm.	NA	NA	NA	0	1
33-45 cm.	NA	NA	NA	0	1
33-47 cm.	NA	NA	NA	0	1
33.8 x 19.7 cm.	NA	NA	NA	NA	1
33x20 cm.	NA	NA	NA	NA	1
34 x 10 cm.	NA	NA	NA	NA	1
34 x 15 cm.	NA	NA	NA	NA	1
34 x 16 cm.	NA	NA	NA	NA	1
34 x 17 cm.	NA	NA	NA	NA	1
34 x 20 cm. (1/2&quot;)	NA	NA	NA	NA	1
34 x 20.5 cm.	NA	NA	NA	NA	1
34 x 21 cm. broadside.	NA	NA	NA	NA	1
34 x 21.5 cm.	NA	NA	NA	NA	1
34 x 21.6 cm.	NA	NA	NA	NA	1
34 x 22 cm. broadside.	NA	NA	NA	NA	1
34 x 26 cm.	NA	NA	NA	NA	1
34 x 31 cm.	NA	NA	NA	NA	1
34-40 cm.	NA	NA	NA	0	1
34-43 cm.	NA	NA	NA	0	1
34-45 cm.	NA	NA	NA	0	1
34-50 cm.	NA	NA	NA	0	1
35 x 11 cm.	NA	NA	NA	NA	1
35 x 12 cm.	NA	NA	NA	NA	1
35 x 15 cm.	NA	NA	NA	NA	1
35 x 18 cm.	NA	NA	NA	NA	1
35 x 18.3 cm.	NA	NA	NA	NA	1
35 x 19 cm. broadside.	NA	NA	NA	NA	1
35 x 26 cm.	NA	NA	NA	NA	1
35 x 29 cm.	NA	NA	NA	NA	1
35 x 30 cm.	NA	NA	NA	NA	1
35 x 31 cm.	NA	NA	NA	NA	1
35 x 33 cm.	NA	NA	NA	NA	1
35 x 43 cm.	NA	NA	NA	NA	1
35 x 48 cm.	NA	NA	NA	NA	1
35-45 cm.	NA	NA	NA	0	1
36 x 15 cm.	NA	NA	NA	NA	1
36 x 17 cm.	NA	NA	NA	NA	1
36 x 22 cm. 1/2⁰.	NA	NA	NA	NA	1
36 x 32 cm.	NA	NA	NA	NA	1
36 x 34 cm.	NA	NA	NA	NA	1
36 x 38 cm.	NA	NA	NA	NA	1
36-42 cm.	NA	NA	NA	0	1
36-46 cm.	NA	NA	NA	0	1
36-47 cm.	NA	NA	NA	0	1
36-53 cm.	NA	NA	NA	0	1
36-56 cm.	NA	NA	NA	0	1
36cm	NA	NA	NA	0	1
37 x 16 cm.	NA	NA	NA	NA	1
37 x 17 cm.	NA	NA	NA	NA	1
37 x 27 cm.	NA	NA	NA	NA	1
37 x 29 cm.	NA	NA	NA	NA	1
37 x 42 cm (2⁰)	NA	NA	NA	NA	1
37 x 42 cm.; 1/2⁰.	NA	NA	NA	NA	1
37-45 cm.	NA	NA	NA	0	1
37-46 cm.	NA	NA	NA	0	1
37-47 cm.	NA	NA	NA	0	1
37x22cm.	NA	NA	NA	NA	1
38 x 14 cm.	NA	NA	NA	NA	1
38 x 15 cm.	NA	NA	NA	NA	1
38 x 18 cm.	NA	NA	NA	NA	1
38 x 19 cm.	NA	NA	NA	NA	1
38 x 33 cm.	NA	NA	NA	NA	1
38 x 41 x 46 cm.	NA	NA	NA	NA	1
38-44 cm.	NA	NA	NA	0	1
38-45 cm.	NA	NA	NA	0	1
38-53 cm.	NA	NA	NA	0	1
39 x 16 cm.	NA	NA	NA	NA	1
39 x 22 cm.	NA	NA	NA	NA	1
39 x 24.5 cm.	NA	NA	NA	NA	1
39 x 25 cm. broadside.	NA	NA	NA	NA	1
39 x 29 cm.	NA	NA	NA	NA	1
39 x 34 cm.	NA	NA	NA	NA	1
39 x 46 cm.	NA	NA	NA	NA	1
39-46 cm.	NA	NA	NA	0	1
39-49 cm.	NA	NA	NA	0	1
39-50 cm.	NA	NA	NA	0	1
39-52 cm.	NA	NA	NA	0	1
39-54 cm.	NA	NA	NA	0	1
39x27cm.	NA	NA	NA	NA	1
4 d]0.	NA	NA	NA	0	1
4 l. :; 8�	NA	NA	NA	0	1
4 x 11 cm.	NA	NA	NA	NA	1
4 x 12 cm.	NA	NA	NA	NA	1
4 �.	NA	NA	NA	0	1
4.̲	NA	NA	NA	0	1
4*.	NA	NA	NA	0	1
4⁰ &amp; obl.2⁰.	NA	NA	NA	1	1
4⁰ ⁸.⁴.⁶.⁴.	NA	NA	NA	0	1
4⁰ ⁸·⁴.	NA	NA	NA	0	1
4⁰ ⁸⁴ṡ.	NA	NA	NA	0	1
4⁰ ⁸⁴��⁺������	NA	NA	NA	0	1
4⁰ and 1/2⁰.	NA	NA	NA	0	1
4⁰ and 1⁰.	NA	NA	NA	0	1
4⁰ and 8⁰.	NA	NA	NA	0	1
40 x 15 cm.	NA	NA	NA	NA	1
40 x 16 cm.	NA	NA	NA	NA	1
40 x 17 cm.	NA	NA	NA	NA	1
40 x 18 cm.	NA	NA	NA	NA	1
40 x 19 cm.	NA	NA	NA	NA	1
40 x 20 cm.	NA	NA	NA	NA	1
40 x 29 cm.	NA	NA	NA	NA	1
40 x 35 cm.	NA	NA	NA	NA	1
40 x 53 cm.	NA	NA	NA	NA	1
40-41 cm.	NA	NA	NA	0	1
40-44 cm.	NA	NA	NA	0	1
40-45 cm.	NA	NA	NA	0	1
40-50 cm.	NA	NA	NA	0	1
40-64 cm.	NA	NA	NA	0	1
4⁰, 1/2⁰.	NA	NA	NA	0	1
4⁰, 2⁰ and 1⁰.	NA	NA	NA	0	1
4⁰; sm 2⁰; 2⁰ (30-51 cm.).	NA	NA	NA	0	1
4⁰;2⁰.	NA	NA	NA	0	1
4⁰.8.4.	NA	NA	NA	0	1
4⁰⁴.⁸.	NA	NA	NA	0	1
4⁰⁴⁻⁶.	NA	NA	NA	0	1
4⁰⁶.⁴.	NA	NA	NA	0	1
4⁰⁸·⁴.	NA	NA	NA	0	1
4⁰and2⁰.	NA	NA	NA	0	1
41 x 13 cm.	NA	NA	NA	NA	1
41 x 15 cm.	NA	NA	NA	NA	1
41 x 17 cm.	NA	NA	NA	NA	1
41 x 20 cm.	NA	NA	NA	NA	1
41 x 23 cm.	NA	NA	NA	NA	1
41 x 29 cm.	NA	NA	NA	NA	1
41 x 30 cm. broadside.	NA	NA	NA	NA	1
41 x 38 cm.	NA	NA	NA	NA	1
41 x 43 cm.	NA	NA	NA	NA	1
41 x 50 cm.	NA	NA	NA	NA	1
41-45 cm.	NA	NA	NA	0	1
41-51 cm.	NA	NA	NA	0	1
41-68 cm.	NA	NA	NA	0	1
42 x 11 cm.	NA	NA	NA	NA	1
42 x 13 cm.	NA	NA	NA	NA	1
42 x 16 cm.	NA	NA	NA	NA	1
42 x 20 cm.	NA	NA	NA	NA	1
42 x 22 cm.	NA	NA	NA	NA	1
42 x 25.5cm.	NA	NA	NA	NA	1
42 x 26 cm	NA	NA	NA	NA	1
42 x 3.5 cm.	NA	NA	NA	NA	1
42 x 51 cm.	NA	NA	NA	NA	1
42-47 cm.	NA	NA	NA	0	1
42-48 cm.	NA	NA	NA	0	1
42-49 cm.	NA	NA	NA	0	1
42-51 cm.	NA	NA	NA	0	1
42-52 cm.	NA	NA	NA	0	1
42-53 cm.	NA	NA	NA	0	1
42⁰.	NA	NA	NA	0	1
43 x 11 cm.	NA	NA	NA	NA	1
43 x 12 cm.	NA	NA	NA	NA	1
43 x 15 cm.	NA	NA	NA	NA	1
43 x 16 cm.	NA	NA	NA	NA	1
43 x 18+ cm.	NA	NA	NA	NA	1
43 x 23 cm.	NA	NA	NA	NA	1
43 x 24 cm.	NA	NA	NA	NA	1
43 x 38 cm.	NA	NA	NA	NA	1
43 x 44 cm.	NA	NA	NA	NA	1
43 x 53 cm.	NA	NA	NA	NA	1
43-47 cm.	NA	NA	NA	0	1
43-48 cm.	NA	NA	NA	0	1
43-49 cm.	NA	NA	NA	0	1
43-54 cm.	NA	NA	NA	0	1
43-65 cm.	NA	NA	NA	0	1
43-68 cm.	NA	NA	NA	0	1
43-72 cm.	NA	NA	NA	0	1
43x29cm.	NA	NA	NA	NA	1
44 x 13 cm.	NA	NA	NA	NA	1
44 x 18 cm.	NA	NA	NA	NA	1
44 x 19 cm.	NA	NA	NA	NA	1
44 x 23 cm.	NA	NA	NA	NA	1
44 x 24 cm.	NA	NA	NA	NA	1
44 x 30 cm.	NA	NA	NA	NA	1
44 x 42 cm.	NA	NA	NA	NA	1
44 x 54 cm.	NA	NA	NA	NA	1
44 x 56 cm.	NA	NA	NA	NA	1
44-46 cm.	NA	NA	NA	0	1
44-55 cm (2⁰;1⁰)	NA	NA	NA	0	1
44-56 cm.	NA	NA	NA	0	1
4⁴.	NA	NA	NA	0	1
44x26cm.	NA	NA	NA	NA	1
45 x 14 cm.	NA	NA	NA	NA	1
45 x 15 cm.	NA	NA	NA	NA	1
45 x 16 cm.	NA	NA	NA	NA	1
45 x 19 cm.	NA	NA	NA	NA	1
45 X 28 cm.	NA	NA	NA	NA	1
45 x 30 cm.	NA	NA	NA	NA	1
45 x 31 cm.	NA	NA	NA	NA	1
45 x 33 cm.	NA	NA	NA	NA	1
45 x 33 cm.1⁰.	NA	NA	NA	NA	1
45 x 37 cm.	NA	NA	NA	NA	1
45 x 52 cm.	NA	NA	NA	NA	1
45 x 55 cm.	NA	NA	NA	NA	1
45-48 cm.	NA	NA	NA	0	1
45-50 cm.	NA	NA	NA	0	1
45-51 cm.	NA	NA	NA	0	1
45-54 cm.	NA	NA	NA	0	1
45-55 cm.	NA	NA	NA	0	1
45-63 cm.	NA	NA	NA	0	1
45-72 cm.	NA	NA	NA	0	1
46 x 20 cm.	NA	NA	NA	NA	1
46 x 27 cm.	NA	NA	NA	NA	1
46 X 29 cm.	NA	NA	NA	NA	1
46 x 34 cm.	NA	NA	NA	NA	1
46 x 37 cm.	NA	NA	NA	NA	1
46 x 38 cm.	NA	NA	NA	NA	1
46 x 39 cm.	NA	NA	NA	NA	1
46 x 40 cm.	NA	NA	NA	NA	1
46-48 cm.	NA	NA	NA	0	1
46-49 cm.	NA	NA	NA	0	1
46-54 cm.	NA	NA	NA	0	1
46-63 cm.	NA	NA	NA	0	1
47 lines.	NA	NA	NA	0	1
47 x 11 cm.	NA	NA	NA	NA	1
47 x 15 cm.	NA	NA	NA	NA	1
47 x 20 cm.	NA	NA	NA	NA	1
47 x 21 cm.	NA	NA	NA	NA	1
47 x 26 cm.	NA	NA	NA	NA	1
47 x 38 cm.	NA	NA	NA	NA	1
47 x 41 cm.	NA	NA	NA	NA	1
47 x 44 cm.	NA	NA	NA	NA	1
47-52 cm.	NA	NA	NA	0	1
48 x 22 cm.	NA	NA	NA	NA	1
48 x 28 cm.	NA	NA	NA	NA	1
48 x 29 cm.	NA	NA	NA	NA	1
48 x 30 cm.	NA	NA	NA	NA	1
48 x 33 cm.	NA	NA	NA	NA	1
48 x 37 cm.	NA	NA	NA	NA	1
48 x 40 cm.	NA	NA	NA	NA	1
48-53 cm.	NA	NA	NA	0	1
48-55 cm.	NA	NA	NA	0	1
48-56 cm.	NA	NA	NA	0	1
49 x 19 cm.	NA	NA	NA	NA	1
49 x 20 cm.	NA	NA	NA	NA	1
49 x 22 cm.	NA	NA	NA	NA	1
49 x 23 cm.	NA	NA	NA	NA	1
49 x 27 cm.	NA	NA	NA	NA	1
49 x 31 cm.	NA	NA	NA	NA	1
49 x 32 cm.	NA	NA	NA	NA	1
49 x 34 cm.	NA	NA	NA	NA	1
49 x 35 cm.	NA	NA	NA	NA	1
49 x 36 cm.	NA	NA	NA	NA	1
49 x 48 cm.	NA	NA	NA	NA	1
49-55 cm.	NA	NA	NA	0	1
49.3 x 32.5 cm.	NA	NA	NA	NA	1
4c⁰.	NA	NA	NA	0	1
4o.	NA	NA	NA	0	1
4to; fol.	NA	NA	NA	0	1
4�.	NA	NA	NA	0	1
5 x 12 cm.	NA	NA	NA	NA	1
5.5 x 4 cm.	NA	NA	NA	NA	1
50 x 20 cm.	NA	NA	NA	NA	1
50 x 22 cm.	NA	NA	NA	NA	1
50 x 24 cm.	NA	NA	NA	NA	1
50 x 31 cm.	NA	NA	NA	NA	1
50 x 35 cm.	NA	NA	NA	NA	1
50 x 42 cm.	NA	NA	NA	NA	1
50-53 cm.	NA	NA	NA	0	1
50-54 cm.	NA	NA	NA	0	1
50-56 cm.	NA	NA	NA	0	1
50-59 cm.	NA	NA	NA	0	1
50-60 cm.	NA	NA	NA	0	1
50-64 cm.	NA	NA	NA	0	1
50-76 cm.	NA	NA	NA	0	1
51 x 18 cm.	NA	NA	NA	NA	1
51 x 32 cm.	NA	NA	NA	NA	1
51 x 35 cm.	NA	NA	NA	NA	1
51 x 37 cm.	NA	NA	NA	NA	1
51 x 38 cm.	NA	NA	NA	NA	1
51 x 44 cm.	NA	NA	NA	NA	1
51-54 cm.	NA	NA	NA	0	1
51-58 cm.	NA	NA	NA	0	1
52 x 19 cm.	NA	NA	NA	NA	1
52 x 21 cm.	NA	NA	NA	NA	1
52 x 22 cm.	NA	NA	NA	NA	1
52 x 23 cm.	NA	NA	NA	NA	1
52 x 37 cm.	NA	NA	NA	NA	1
52 x 38 cm.	NA	NA	NA	NA	1
52 x 45 cm.	NA	NA	NA	NA	1
52 x 49 cm.	NA	NA	NA	NA	1
52 x 65 cm.	NA	NA	NA	NA	1
52-55 cm.	NA	NA	NA	0	1
53 x 20 cm.	NA	NA	NA	NA	1
53 x 31 cm.	NA	NA	NA	NA	1
53 x 38 cm.	NA	NA	NA	NA	1
53 x 41 cm.	NA	NA	NA	NA	1
53 x 43.5 cm.	NA	NA	NA	NA	1
53 x 45 cm.	NA	NA	NA	NA	1
53 x 46 cm.	NA	NA	NA	NA	1
53 x 60 cm.	NA	NA	NA	NA	1
53 x 62 cm.	NA	NA	NA	NA	1
54 x 20 cm.	NA	NA	NA	NA	1
54 x 21 cm.	NA	NA	NA	NA	1
54 x 22 cm.	NA	NA	NA	NA	1
54 x 33 cm.	NA	NA	NA	NA	1
54 x 36 cm.	NA	NA	NA	NA	1
54 x 39 cm.	NA	NA	NA	NA	1
54 x 40 cm.	NA	NA	NA	NA	1
54 x 41 cm.	NA	NA	NA	NA	1
54 x 45 cm.	NA	NA	NA	NA	1
54 x 46 cm.	NA	NA	NA	NA	1
55 x 15 cm.	NA	NA	NA	NA	1
55 x 27 cm.	NA	NA	NA	NA	1
55 x 41 cm.	NA	NA	NA	NA	1
55 x 42 cm.	NA	NA	NA	NA	1
55 x 47 cm.	NA	NA	NA	NA	1
55 x 74 cm.	NA	NA	NA	NA	1
56 x 33 cm.	NA	NA	NA	NA	1
56 x 38 cm.	NA	NA	NA	NA	1
56 x 41 cm.	NA	NA	NA	NA	1
56 x 43 cm.	NA	NA	NA	NA	1
56 x 47 cm.	NA	NA	NA	NA	1
57 x 34 cm.	NA	NA	NA	NA	1
57 x 44 cm.	NA	NA	NA	NA	1
57 x 45 cm.	NA	NA	NA	NA	1
58 x 39 cm.	NA	NA	NA	NA	1
58 x 41 cm.	NA	NA	NA	NA	1
58 x 44 cm.	NA	NA	NA	NA	1
58 x 47 cm.	NA	NA	NA	NA	1
58 x 48 cm.	NA	NA	NA	NA	1
59 x 42 cm.	NA	NA	NA	NA	1
59 x 43 cm.	NA	NA	NA	NA	1
59 x 46 cm.	NA	NA	NA	NA	1
59 x 49 cm.	NA	NA	NA	NA	1
59 x 50 cm.	NA	NA	NA	NA	1
6 x 7 cm.	NA	NA	NA	NA	1
6.1 x 4.6 cm.	NA	NA	NA	NA	1
60 x 44 cm.	NA	NA	NA	NA	1
60 x 46 cm.	NA	NA	NA	NA	1
60 x 47 cm.	NA	NA	NA	NA	1
60 x 48 cm.	NA	NA	NA	NA	1
60 x 95 cm.	NA	NA	NA	NA	1
61 x 41 cm.	NA	NA	NA	NA	1
61 x 48 cm.	NA	NA	NA	NA	1
62 x 47 cm.	NA	NA	NA	NA	1
63 x 44 cm.	NA	NA	NA	NA	1
63 x 50 cm.	NA	NA	NA	NA	1
64 x 27 cm.	NA	NA	NA	NA	1
65 x 44 cm.	NA	NA	NA	NA	1
69 x 49 cm.	NA	NA	NA	NA	1
7 x 10 cm.	NA	NA	NA	NA	1
7 x 14 cm.	NA	NA	NA	NA	1
7 x 15 cm.	NA	NA	NA	NA	1
7 x 16 cm.	NA	NA	NA	NA	1
7 x 17 cm.	NA	NA	NA	NA	1
7 x 18 cm.	NA	NA	NA	NA	1
7 x 20 cm.	NA	NA	NA	NA	1
7 x 9 cm.	NA	NA	NA	NA	1
70 x 49 cm.	NA	NA	NA	NA	1
78 x 20 cm.	NA	NA	NA	NA	1
8 x 11 cm.	NA	NA	NA	NA	1
8 x 15 cm.	NA	NA	NA	NA	1
8 x 18 cm.	NA	NA	NA	NA	1
8 x 20 cm.	NA	NA	NA	NA	1
8 x 21 cm.	NA	NA	NA	NA	1
8₀	NA	NA	NA	0	1
8⁰ (4⁰).	NA	NA	NA	0	1
8⁰ &amp; 4⁰.	NA	NA	NA	0	1
8⁰ 1 volvelle.	NA	NA	NA	0	1
8⁰.pages]	NA	NA	NA	0	1
85 mm.	NA	NA	NA	0	1
85 x 84 mm.	NA	NA	NA	0	1
89 x 56 cm.	NA	NA	NA	NA	1
8in4s [fewer than 50 pages]	NA	NA	NA	0	1
8º.	NA	NA	NA	0	1
9 x 12 cm.	NA	NA	NA	NA	1
9 x 14 cm.	NA	NA	NA	NA	1
9 x 18 cm.	NA	NA	NA	NA	1
9⁰.	NA	NA	NA	0	1
95 mm.	NA	NA	NA	0	1
96⁰.	NA	NA	NA	0	1
Broadside 39 x 30 cm.	NA	NA	NA	NA	1
Broadside; 38 x 32 cm.	NA	NA	NA	NA	1
Broadside. 35 x 24 cm.	NA	NA	NA	NA	1
c1/2⁰.	NA	NA	NA	0	1
c1/4⁰.	NA	NA	NA	0	1
c4⁰.	NA	NA	NA	0	1
ca. 37 x 26 cm.	NA	NA	NA	NA	1
caption title;	NA	NA	NA	0	1
cm. (.	NA	NA	NA	0	1
ill.	NA	NA	NA	0	1
ill. (relief cut)	NA	NA	NA	0	1
l8 cm.	NA	NA	NA	0	1
long 1/4⁰ (30 x 12 cm.).	NA	NA	NA	NA	1
long 24�	NA	NA	NA	0	1
nar.1⁰.	NA	NA	NA	0	1
ob. l8⁰.	NA	NA	NA	0	1
ob.1/2⁰.	NA	NA	NA	0	1
obl. 1/2.	NA	NA	NA	1	1
obl. 1/6⁰.	NA	NA	NA	1	1
obl. 1/8.	NA	NA	NA	1	1
obl. 2⁰ and 4⁰.	NA	NA	NA	1	1
obl. 4 D}0.	NA	NA	NA	1	1
obl. 8	NA	NA	NA	1	1
obl. c1/2⁰.	NA	NA	NA	1	1
obl.2⁰ and 8⁰.	NA	NA	NA	1	1
obl.slip.	NA	NA	NA	1	1
obl/2⁰.	NA	NA	NA	1	1
obl8	NA	NA	NA	1	1
oblong 1⁰.	NA	NA	NA	1	1
oblsixes [fewer than 50 pages]	NA	NA	NA	1	1
s.sh.fol	NA	NA	NA	0	1
s.sh.fol.?	NA	NA	NA	0	1
s.sh.ob.fol.	NA	NA	NA	0	1
sm. 4⁰; lge. 4⁰.	NA	NA	NA	0	1
Various formats.	NA	NA	NA	0	1
